{
  "henkilot": [
    {
      "nimi": "Arto Hellas",
      "numero": "040-123456",
      "vastaaHakusanaa": true,
      "id": 1
    },
    {
      "nimi": "Martti Tienari",
      "numero": "040-123456",
      "vastaaHakusanaa": true,
      "id": 2
    },
    {
      "nimi": "Arto Järvinen",
      "numero": "040-123456",
      "vastaaHakusanaa": true,
      "id": 3
    },
    {
      "nimi": "Lea Kutvonen",
      "numero": "040-123456",
      "vastaaHakusanaa": true,
      "id": 4
    }    
  ]
}